{
    "rmse": 0.7310778119488921,
    "mae": 0.587311907460369,
    "r2": 0.18214234890695458
}